-- phpMyAdmin SQL Dump
-- version 4.8.5
-- https://www.phpmyadmin.net/
--
-- Host: 127.0.0.1
-- Generation Time: Dec 03, 2019 at 01:17 PM
-- Server version: 10.1.38-MariaDB
-- PHP Version: 7.3.3

SET SQL_MODE = "NO_AUTO_VALUE_ON_ZERO";
SET AUTOCOMMIT = 0;
START TRANSACTION;
SET time_zone = "+00:00";


/*!40101 SET @OLD_CHARACTER_SET_CLIENT=@@CHARACTER_SET_CLIENT */;
/*!40101 SET @OLD_CHARACTER_SET_RESULTS=@@CHARACTER_SET_RESULTS */;
/*!40101 SET @OLD_COLLATION_CONNECTION=@@COLLATION_CONNECTION */;
/*!40101 SET NAMES utf8mb4 */;

--
-- Database: `usermanagement`
--

-- --------------------------------------------------------

--
-- Table structure for table `list_cities`
--

CREATE TABLE `list_cities` (
  `city_id` int(50) NOT NULL,
  `city_name` varchar(50) NOT NULL,
  `from_state_id` int(50) NOT NULL,
  `updated_timestamp` timestamp NOT NULL DEFAULT CURRENT_TIMESTAMP ON UPDATE CURRENT_TIMESTAMP,
  `status` tinyint(4) NOT NULL,
  `created_datetime` datetime NOT NULL
) ENGINE=MyISAM DEFAULT CHARSET=latin1;

--
-- Dumping data for table `list_cities`
--

INSERT INTO `list_cities` (`city_id`, `city_name`, `from_state_id`, `updated_timestamp`, `status`, `created_datetime`) VALUES
(1, 'Kolhapur', 12, '2019-12-03 10:58:51', 1, '2019-12-03 11:46:43'),
(2, 'Ahmednagar', 12, '2019-12-03 10:58:51', 1, '2019-12-03 11:46:43'),
(3, 'Akola', 12, '2019-12-03 10:58:51', 1, '2019-12-03 11:46:43'),
(4, 'Amravati', 12, '2019-12-03 10:58:51', 1, '2019-12-03 11:46:43'),
(5, 'Aurangabad', 12, '2019-12-03 10:58:51', 1, '2019-12-03 11:46:43'),
(6, 'Baramati', 12, '2019-12-03 10:58:51', 1, '2019-12-03 11:46:43'),
(7, 'Chalisgaon', 12, '2019-12-03 10:58:51', 1, '2019-12-03 11:46:43'),
(8, 'Chinchani', 12, '2019-12-03 10:58:51', 1, '2019-12-03 11:46:43'),
(9, 'Devgarh', 12, '2019-12-03 10:58:51', 1, '2019-12-03 11:46:43'),
(10, 'Dhule', 12, '2019-12-03 10:58:51', 1, '2019-12-03 11:46:43'),
(11, 'Dombivli', 12, '2019-12-03 10:58:51', 1, '2019-12-03 11:46:43'),
(12, 'Durgapur', 12, '2019-12-03 10:58:51', 1, '2019-12-03 11:46:43'),
(13, 'Ichalkaranji', 12, '2019-12-03 10:58:51', 1, '2019-12-03 11:46:43'),
(14, 'Jalna', 12, '2019-12-03 10:58:51', 1, '2019-12-03 11:46:43'),
(15, 'Kalyan', 12, '2019-12-03 10:58:51', 1, '2019-12-03 11:46:43'),
(16, 'Latur', 12, '2019-12-03 10:58:51', 1, '2019-12-03 11:46:43'),
(17, 'Loha', 12, '2019-12-03 10:58:51', 1, '2019-12-03 11:46:43'),
(18, 'Lonar', 12, '2019-12-03 10:58:51', 1, '2019-12-03 11:46:43'),
(19, 'Lonavla', 12, '2019-12-03 10:58:51', 1, '2019-12-03 11:46:43'),
(20, 'Mahad', 12, '2019-12-03 10:58:51', 1, '2019-12-03 11:46:43'),
(21, 'Mahuli', 12, '2019-12-03 10:58:51', 1, '2019-12-03 11:46:43'),
(22, 'Malegaon', 12, '2019-12-03 10:58:51', 1, '2019-12-03 11:46:43'),
(23, 'Malkapur', 12, '2019-12-03 10:58:51', 1, '2019-12-03 11:46:43'),
(24, 'Manchar', 12, '2019-12-03 10:58:51', 1, '2019-12-03 11:46:43'),
(25, 'Mangalvedhe', 12, '2019-12-03 10:58:51', 1, '2019-12-03 11:46:43'),
(26, 'Mangrulpir', 12, '2019-12-03 10:58:51', 1, '2019-12-03 11:46:43'),
(27, 'Manjlegaon', 12, '2019-12-03 10:58:51', 1, '2019-12-03 11:46:43'),
(28, 'Manmad', 12, '2019-12-03 10:58:51', 1, '2019-12-03 11:46:43'),
(29, 'Manwath', 12, '2019-12-03 10:58:51', 1, '2019-12-03 11:46:43'),
(30, 'Mehkar', 12, '2019-12-03 10:58:51', 1, '2019-12-03 11:46:43'),
(31, 'Mhaswad', 12, '2019-12-03 10:58:51', 1, '2019-12-03 11:46:43'),
(32, 'Miraj', 12, '2019-12-03 10:58:51', 1, '2019-12-03 11:46:43'),
(33, 'Morshi', 12, '2019-12-03 10:58:51', 1, '2019-12-03 11:46:43'),
(34, 'Mukhed', 12, '2019-12-03 10:58:51', 1, '2019-12-03 11:46:43'),
(35, 'Mul', 12, '2019-12-03 10:58:51', 1, '2019-12-03 11:46:43'),
(36, 'Mumbai', 12, '2019-12-03 10:58:51', 1, '2019-12-03 11:46:43'),
(37, 'Murtijapur', 12, '2019-12-03 10:58:51', 1, '2019-12-03 11:46:43'),
(38, 'Nagpur', 12, '2019-12-03 10:58:51', 1, '2019-12-03 11:46:43'),
(39, 'Nalasopara', 12, '2019-12-03 10:58:51', 1, '2019-12-03 11:46:43'),
(40, 'Nanded-Waghala', 12, '2019-12-03 10:58:51', 1, '2019-12-03 11:46:43'),
(41, 'Nandgaon', 12, '2019-12-03 10:58:51', 1, '2019-12-03 11:46:43'),
(42, 'Nandura', 12, '2019-12-03 10:58:51', 1, '2019-12-03 11:46:43'),
(43, 'Nandurbar', 12, '2019-12-03 10:58:51', 1, '2019-12-03 11:46:43'),
(44, 'Narkhed', 12, '2019-12-03 10:58:51', 1, '2019-12-03 11:46:43'),
(45, 'Nashik', 12, '2019-12-03 10:58:51', 1, '2019-12-03 11:46:43'),
(46, 'Navi Mumbai', 12, '2019-12-03 10:58:51', 1, '2019-12-03 11:46:43'),
(47, 'Nawapur', 12, '2019-12-03 10:58:51', 1, '2019-12-03 11:46:43'),
(48, 'Nilanga', 12, '2019-12-03 10:58:51', 1, '2019-12-03 11:46:43'),
(49, 'Osmanabad', 12, '2019-12-03 10:58:51', 1, '2019-12-03 11:46:43'),
(50, 'Ozar', 12, '2019-12-03 10:58:51', 1, '2019-12-03 11:46:43'),
(51, 'Pachora', 12, '2019-12-03 10:58:51', 1, '2019-12-03 11:46:43'),
(52, 'Paithan', 12, '2019-12-03 10:58:51', 1, '2019-12-03 11:46:43'),
(53, 'Palghar', 12, '2019-12-03 10:58:51', 1, '2019-12-03 11:46:43'),
(54, 'Pandharkaoda', 12, '2019-12-03 10:58:51', 1, '2019-12-03 11:46:43'),
(55, 'Pandharpur', 12, '2019-12-03 10:58:51', 1, '2019-12-03 11:46:43'),
(56, 'Panvel', 12, '2019-12-03 10:58:51', 1, '2019-12-03 11:46:43'),
(57, 'Parbhani', 12, '2019-12-03 10:58:51', 1, '2019-12-03 11:46:43'),
(58, 'Parli', 12, '2019-12-03 10:58:51', 1, '2019-12-03 11:46:43'),
(59, 'Parola', 12, '2019-12-03 10:58:51', 1, '2019-12-03 11:46:43'),
(60, 'Partur', 12, '2019-12-03 10:58:51', 1, '2019-12-03 11:46:43'),
(61, 'Pathardi', 12, '2019-12-03 10:58:51', 1, '2019-12-03 11:46:43'),
(62, 'Pathri', 12, '2019-12-03 10:58:51', 1, '2019-12-03 11:46:43'),
(63, 'Patur', 12, '2019-12-03 10:58:51', 1, '2019-12-03 11:46:43'),
(64, 'Pauni', 12, '2019-12-03 10:58:51', 1, '2019-12-03 11:46:43'),
(65, 'Pen', 12, '2019-12-03 10:58:51', 1, '2019-12-03 11:46:43'),
(66, 'Phaltan', 12, '2019-12-03 10:58:51', 1, '2019-12-03 11:46:43'),
(67, 'Pulgaon', 12, '2019-12-03 10:58:51', 1, '2019-12-03 11:46:43'),
(68, 'Pune', 12, '2019-12-03 10:58:51', 1, '2019-12-03 11:46:43'),
(69, 'Purna', 12, '2019-12-03 10:58:51', 1, '2019-12-03 11:46:43'),
(70, 'Pusad', 12, '2019-12-03 10:58:51', 1, '2019-12-03 11:46:43'),
(71, 'Rahuri', 12, '2019-12-03 10:58:51', 1, '2019-12-03 11:46:43'),
(72, 'Rajura', 12, '2019-12-03 10:58:51', 1, '2019-12-03 11:46:43'),
(73, 'Ramtek', 12, '2019-12-03 10:58:51', 1, '2019-12-03 11:46:43'),
(74, 'Ratnagiri', 12, '2019-12-03 10:58:51', 1, '2019-12-03 11:46:43'),
(75, 'Raver', 12, '2019-12-03 10:58:51', 1, '2019-12-03 11:46:43'),
(76, 'Risod', 12, '2019-12-03 10:58:51', 1, '2019-12-03 11:46:43'),
(77, 'Sailu', 12, '2019-12-03 10:58:51', 1, '2019-12-03 11:46:43'),
(78, 'Sangamner', 12, '2019-12-03 10:58:51', 1, '2019-12-03 11:46:43'),
(79, 'Sangli', 12, '2019-12-03 10:58:51', 1, '2019-12-03 11:46:43'),
(80, 'Sangole', 12, '2019-12-03 10:58:51', 1, '2019-12-03 11:46:43'),
(81, 'Sasvad', 12, '2019-12-03 10:58:51', 1, '2019-12-03 11:46:43'),
(82, 'Satana', 12, '2019-12-03 10:58:51', 1, '2019-12-03 11:46:43'),
(83, 'Satara', 12, '2019-12-03 10:58:51', 1, '2019-12-03 11:46:43'),
(84, 'Savner', 12, '2019-12-03 10:58:51', 1, '2019-12-03 11:46:43'),
(85, 'Sawantwadi', 12, '2019-12-03 10:58:51', 1, '2019-12-03 11:46:43'),
(86, 'Shahade', 12, '2019-12-03 10:58:51', 1, '2019-12-03 11:46:43'),
(87, 'Shegaon', 12, '2019-12-03 10:58:51', 1, '2019-12-03 11:46:43'),
(88, 'Shendurjana', 12, '2019-12-03 10:58:51', 1, '2019-12-03 11:46:43'),
(89, 'Shirdi', 12, '2019-12-03 10:58:51', 1, '2019-12-03 11:46:43'),
(90, 'Shirpur-Warwade', 12, '2019-12-03 10:58:51', 1, '2019-12-03 11:46:43'),
(91, 'Shirur', 12, '2019-12-03 10:58:51', 1, '2019-12-03 11:46:43'),
(92, 'Shrigonda', 12, '2019-12-03 10:58:51', 1, '2019-12-03 11:46:43'),
(93, 'Shrirampur', 12, '2019-12-03 10:58:51', 1, '2019-12-03 11:46:43'),
(94, 'Sillod', 12, '2019-12-03 10:58:51', 1, '2019-12-03 11:46:43'),
(95, 'Sinnar', 12, '2019-12-03 10:58:51', 1, '2019-12-03 11:46:43'),
(96, 'Solapur', 12, '2019-12-03 10:58:51', 1, '2019-12-03 11:46:43'),
(97, 'Soyagaon', 12, '2019-12-03 10:58:51', 1, '2019-12-03 11:46:43'),
(98, 'Talegaon Dabhade', 12, '2019-12-03 10:58:51', 1, '2019-12-03 11:46:43'),
(99, 'Talode', 12, '2019-12-03 10:58:51', 1, '2019-12-03 11:46:43'),
(100, 'Tasgaon', 12, '2019-12-03 10:58:51', 1, '2019-12-03 11:46:43'),
(101, 'Tirora', 12, '2019-12-03 10:58:51', 1, '2019-12-03 11:46:43'),
(102, 'Tuljapur', 12, '2019-12-03 10:58:51', 1, '2019-12-03 11:46:43'),
(103, 'Tumsar', 12, '2019-12-03 10:58:51', 1, '2019-12-03 11:46:43'),
(104, 'Uran', 12, '2019-12-03 10:58:51', 1, '2019-12-03 11:46:43'),
(105, 'Uran Islampur', 12, '2019-12-03 10:58:51', 1, '2019-12-03 11:46:43'),
(106, 'Wadgaon Road', 12, '2019-12-03 10:58:51', 1, '2019-12-03 11:46:43'),
(107, 'Wai', 12, '2019-12-03 10:58:51', 1, '2019-12-03 11:46:43'),
(108, 'Wani', 12, '2019-12-03 10:58:51', 1, '2019-12-03 11:46:43'),
(109, 'Wardha', 12, '2019-12-03 10:58:51', 1, '2019-12-03 11:46:43'),
(110, 'Warora', 12, '2019-12-03 10:58:51', 1, '2019-12-03 11:46:43'),
(111, 'Warud', 12, '2019-12-03 10:58:51', 1, '2019-12-03 11:46:43'),
(112, 'Washim', 12, '2019-12-03 10:58:51', 1, '2019-12-03 11:46:43'),
(113, 'Yevla', 12, '2019-12-03 10:58:51', 1, '2019-12-03 11:46:43'),
(114, 'Uchgaon', 12, '2019-12-03 10:58:51', 1, '2019-12-03 11:46:43'),
(115, 'Udgir', 12, '2019-12-03 10:58:51', 1, '2019-12-03 11:46:43');

-- --------------------------------------------------------

--
-- Table structure for table `list_states`
--

CREATE TABLE `list_states` (
  `state_id` int(50) NOT NULL,
  `country_id` int(230) DEFAULT NULL,
  `state_name` varchar(200) DEFAULT NULL,
  `updated_timestamp` timestamp NOT NULL DEFAULT CURRENT_TIMESTAMP ON UPDATE CURRENT_TIMESTAMP,
  `status` tinyint(4) NOT NULL,
  `created_datetime` datetime NOT NULL
) ENGINE=MyISAM DEFAULT CHARSET=latin1;

--
-- Dumping data for table `list_states`
--

INSERT INTO `list_states` (`state_id`, `country_id`, `state_name`, `updated_timestamp`, `status`, `created_datetime`) VALUES
(1, NULL, 'ANDHRA PRADESH', '2019-12-03 10:59:14', 1, '2019-12-03 11:46:43'),
(2, NULL, 'ASSAM', '2019-12-03 10:59:14', 1, '2019-12-03 11:46:43'),
(3, NULL, 'ARUNACHAL PRADESH', '2019-12-03 10:59:14', 1, '2019-12-03 11:46:43'),
(4, NULL, 'GUJRAT', '2019-12-03 10:59:14', 1, '2019-12-03 11:46:43'),
(5, NULL, 'BIHAR', '2019-12-03 10:59:14', 1, '2019-12-03 11:46:43'),
(6, NULL, 'HARYANA', '2019-12-03 10:59:14', 1, '2019-12-03 11:46:43'),
(7, NULL, 'HIMACHAL PRADESH', '2019-12-03 10:59:14', 1, '2019-12-03 11:46:43'),
(8, NULL, 'JAMMU & KASHMIR', '2019-12-03 10:59:14', 1, '2019-12-03 11:46:43'),
(9, NULL, 'KARNATAKA', '2019-12-03 10:59:14', 1, '2019-12-03 11:46:43'),
(10, NULL, 'KERALA', '2019-12-03 10:59:14', 1, '2019-12-03 11:46:43'),
(11, NULL, 'MADHYA PRADESH', '2019-12-03 10:59:14', 1, '2019-12-03 11:46:43'),
(12, NULL, 'MAHARASHTRA', '2019-12-03 10:59:14', 1, '2019-12-03 11:46:43'),
(13, NULL, 'MANIPUR', '2019-12-03 10:59:14', 1, '2019-12-03 11:46:43'),
(14, NULL, 'MEGHALAYA', '2019-12-03 10:59:14', 1, '2019-12-03 11:46:43'),
(15, NULL, 'MIZORAM', '2019-12-03 10:59:14', 1, '2019-12-03 11:46:43'),
(16, NULL, 'NAGALAND', '2019-12-03 10:59:14', 1, '2019-12-03 11:46:43'),
(17, NULL, 'ORISSA', '2019-12-03 10:59:14', 1, '2019-12-03 11:46:43'),
(18, NULL, 'PUNJAB', '2019-12-03 10:59:14', 1, '2019-12-03 11:46:43'),
(19, NULL, 'RAJASTHAN', '2019-12-03 10:59:14', 1, '2019-12-03 11:46:43'),
(20, NULL, 'SIKKIM', '2019-12-03 10:59:14', 1, '2019-12-03 11:46:43'),
(21, NULL, 'TAMIL NADU', '2019-12-03 10:59:14', 1, '2019-12-03 11:46:43'),
(22, NULL, 'TRIPURA', '2019-12-03 10:59:14', 1, '2019-12-03 11:46:43'),
(23, NULL, 'UTTAR PRADESH', '2019-12-03 10:59:14', 1, '2019-12-03 11:46:43'),
(24, NULL, 'WEST BENGAL', '2019-12-03 10:59:14', 1, '2019-12-03 11:46:43'),
(25, NULL, 'DELHI', '2019-12-03 10:59:14', 1, '2019-12-03 11:46:43'),
(26, NULL, 'GOA', '2019-12-03 10:59:14', 1, '2019-12-03 11:46:43'),
(27, NULL, 'PONDICHERY', '2019-12-03 10:59:14', 1, '2019-12-03 11:46:43'),
(28, NULL, 'LAKSHDWEEP', '2019-12-03 10:59:14', 1, '2019-12-03 11:46:43'),
(29, NULL, 'DAMAN & DIU', '2019-12-03 10:59:14', 1, '2019-12-03 11:46:43'),
(30, NULL, 'DADRA & NAGAR', '2019-12-03 10:59:14', 1, '2019-12-03 11:46:43'),
(31, NULL, 'CHANDIGARH', '2019-12-03 10:59:14', 1, '2019-12-03 11:46:43'),
(32, NULL, 'ANDAMAN & NICOBAR', '2019-12-03 10:59:14', 1, '2019-12-03 11:46:43'),
(33, NULL, 'UTTARANCHAL', '2019-12-03 10:59:14', 1, '2019-12-03 11:46:43'),
(34, NULL, 'JHARKHAND', '2019-12-03 10:59:14', 1, '2019-12-03 11:46:43'),
(35, NULL, 'CHATTISGARH', '2019-12-03 10:59:14', 1, '2019-12-03 11:46:43');

-- --------------------------------------------------------

--
-- Table structure for table `registered_user_data`
--

CREATE TABLE `registered_user_data` (
  `registered_user_id` int(50) NOT NULL,
  `registered_user_name` varchar(50) DEFAULT NULL,
  `password_value` varchar(200) NOT NULL,
  `age_val` int(5) NOT NULL,
  `email_id_val` varchar(30) DEFAULT NULL,
  `gender_data` varchar(10) DEFAULT NULL,
  `state_id` varchar(25) DEFAULT NULL,
  `city_id` varchar(25) DEFAULT NULL,
  `updated_timestamp` timestamp NOT NULL DEFAULT CURRENT_TIMESTAMP ON UPDATE CURRENT_TIMESTAMP,
  `status` tinyint(4) NOT NULL,
  `created_datetime` datetime NOT NULL
) ENGINE=MyISAM DEFAULT CHARSET=latin1;

--
-- Dumping data for table `registered_user_data`
--

INSERT INTO `registered_user_data` (`registered_user_id`, `registered_user_name`, `password_value`, `age_val`, `email_id_val`, `gender_data`, `state_id`, `city_id`, `updated_timestamp`, `status`, `created_datetime`) VALUES
(1, 'user1', 'user1', 23, 'user1@gmail.com', 'Male', '12', '28', '2019-12-03 10:59:44', 1, '2019-12-03 11:46:43'),
(2, 'user2', 'user2', 34, 'user2@gmail.com', 'Female', '12', '2', '2019-12-03 10:59:44', 1, '2019-12-03 11:46:43'),
(3, 'user3', 'user3', 23, 'user3@gmail.com', 'Female', '12', '1', '2019-12-03 10:59:44', 1, '2019-12-03 11:46:43'),
(5, 'user4', 'user4', 34, 'user4@gmail.com', 'Male', '12', '20', '2019-12-03 10:59:44', 1, '2019-12-03 11:46:43'),
(6, 'aasd', 'asd', 324, 'was@adfa.ddd', 'Male', '13', '0', '2019-12-03 10:59:44', 1, '2019-12-03 11:46:43'),
(7, 'tester1', 'pass1234', 23, 'test@sd.com', 'Male', '12', '108', '2019-12-03 10:59:44', 1, '2019-12-03 11:46:43'),
(8, 'tester123', 'test1234', 43, 'test@mail.com', 'Female', '12', '19', '2019-12-03 10:59:44', 1, '2019-12-03 11:46:43'),
(9, 'Tester_after_new_data', 'newdata1234', 34, 'tester@new.com', 'Male', '12', '36', '2019-12-03 11:01:04', 0, '0000-00-00 00:00:00');

--
-- Indexes for dumped tables
--

--
-- Indexes for table `list_cities`
--
ALTER TABLE `list_cities`
  ADD PRIMARY KEY (`city_id`),
  ADD KEY `city_id` (`city_id`),
  ADD KEY `city_id_2` (`city_id`),
  ADD KEY `from_state_id` (`from_state_id`);

--
-- Indexes for table `list_states`
--
ALTER TABLE `list_states`
  ADD PRIMARY KEY (`state_id`);

--
-- Indexes for table `registered_user_data`
--
ALTER TABLE `registered_user_data`
  ADD PRIMARY KEY (`registered_user_id`);

--
-- AUTO_INCREMENT for dumped tables
--

--
-- AUTO_INCREMENT for table `list_cities`
--
ALTER TABLE `list_cities`
  MODIFY `city_id` int(50) NOT NULL AUTO_INCREMENT, AUTO_INCREMENT=116;

--
-- AUTO_INCREMENT for table `list_states`
--
ALTER TABLE `list_states`
  MODIFY `state_id` int(50) NOT NULL AUTO_INCREMENT, AUTO_INCREMENT=36;

--
-- AUTO_INCREMENT for table `registered_user_data`
--
ALTER TABLE `registered_user_data`
  MODIFY `registered_user_id` int(50) NOT NULL AUTO_INCREMENT, AUTO_INCREMENT=10;
COMMIT;

/*!40101 SET CHARACTER_SET_CLIENT=@OLD_CHARACTER_SET_CLIENT */;
/*!40101 SET CHARACTER_SET_RESULTS=@OLD_CHARACTER_SET_RESULTS */;
/*!40101 SET COLLATION_CONNECTION=@OLD_COLLATION_CONNECTION */;
